"Name","Vibe(s)","Location","Opening Hours"
"Betty's Burgers","Food, Social, Quick","Before Security, Food Court","24/7"
"Campos Coffee","Food, Quick, Work, Relax, Comfort","After Security, near Gate 24","24/7"
"Heineken House","Social, Food, Entertainment, Relax, Comfort","After Security, near Gate 10","24/7"
"Kitchen by Mike","Food, Social, Quick, Comfort","After Security, near Gate 30","24/7"
"Lilong by Taste of Shanghai","Food, Social, Quick, Comfort","After Security, near Gate 56","24/7"
"McDonald's","Quick, Food, Comfort","After Security, near Gates 24 and 50","24/7"
"Sahara Grill","Quick, Food, Comfort","After Security, near Gate 10","24/7"
"SumoSalad Green on Green","Quick, Food, Healthy, Comfort","After Security, near Gate 24","24/7"
"Sushia","Food, Social, Quick, Comfort","After Security, near Gate 30","24/7"
"The Bistro by Wolfgang Puck","Food, Social, Premium, Quick, Comfort","After Security, near Gate 10","24/7"
"Toby's Estate","Food, Quick, Work, Comfort","After Security, towards Gates 50-63","24/7"
"Yo! Sushi","Food, Social, Quick, Comfort","After Security, The Food Court","24/7"
"Heinemann Tax & Duty Free","Shopping, Luxury, Quick, Comfort","After Security, multiple locations including near Gates 31-33","24/7"
"Louis Vuitton","Shopping, Luxury, Quick, Comfort","After Security, Luxury Precinct","24/7"
"Gucci","Shopping, Luxury, Quick, Comfort","After Security, towards Gates 50-63","24/7"
"Prada","Shopping, Luxury, Quick, Comfort","After Security, Luxury Precinct","24/7"
"Cartier","Shopping, Luxury, Quick, Comfort","After Security, Luxury Precinct","24/7"
"Burberry","Shopping, Luxury, Quick, Comfort","After Security, Luxury Precinct","24/7"
"Bottega Veneta","Shopping, Luxury, Quick, Comfort","After Security, Luxury Precinct","24/7"
"Gentle Monster","Shopping, Luxury, Quick, Comfort","After Security, Luxury Precinct","24/7"
"Rip Curl","Shopping, Fashion, Quick, Comfort","Before Security, Food Court","24/7"
"Amcal Pharmacy","Shopping, Convenience, Quick, Comfort","After Security, towards Gates 24-25","24/7"
"WHSmith","Shopping, Convenience, Quick, Comfort","After Security, near Gates 10, 30, 51, and 54","24/7"
"Global Exchange","Services, Convenience, Quick, Comfort","Multiple locations before and after security","24/7"
"Qantas International First Lounge","Relax, Quick, Comfort","Mezzanine Level, after Customs","05:00 – 22:00"
"Qantas International Business Lounge","Relax, Quick, Comfort","Mezzanine Level, after Customs","05:00 – 22:00"
"Air New Zealand Lounge","Relax, Quick, Comfort","Level 3, near Gate 59","06:00 – 21:00"
"Singapore Airlines SilverKris Lounge","Relax, Quick, Comfort","Level 3, near Gate 59","05:30 – 18:00"
"Emirates Lounge","Relax, Quick, Comfort","Level 1, near Gate 58","04:00 – 07:20 and 16:10 – 20:40"
"The Centurion Lounge (American Express)","Relax, Quick, Comfort","Departures Level, near Gates 50–63","06:00 – 21:00"
"The House by Aspire","Relax, Quick, Comfort","Departures Level, near Gate 50","05:00 – 22:00"
"SkyTeam Lounge","Relax, Quick, Comfort","Departures Level, adjacent to Gate 24","05:30 – 13:30 & 17:30 – 22:00; 05:30 – 12:30 & 17:30 – 22:00; 05:30 – 13:30 & 17:30 – 22:00; 05:30 – 12:30 & 18:00 – 22:00; 05:30 – 12:30 & 17:30 – 22:00; 05:30 – 13:30 & 17:30 – 22:00; 05:30 – 12:30 & 18:00 – 22:00"
"Plaza Premium Lounge (Departures)","Relax, Quick, Comfort","Level 2, near Gates 25–26","05:30 – 22:00"
"Plaza Premium Lounge (Arrivals)","Relax, Quick, Comfort","Level 1, inside Aerotel, Arrivals B (non-restricted area)","06:00 – 20:00"
"Aerotel Airport Transit Hotel & Swimming Pool","Relax, Comfort","After Security, Level 3","24/7"
"Cactus Garden","Explore, Relax, Quick, Comfort","Rooftop, Level 3","24/7"
"Kinetic Rain Sculpture","Explore, Quick, Comfort","Departure Hall, Public Area","24/7"
"The Social Tree","Explore, Quick, Comfort","Central Transit Area","24/7"
"Lounges","Relax, Work, Comfort, Quick","Various locations","24/7"
"Snooze Lounge","Relax, Comfort, Quick","Transit Area, Level 2","24/7"
"Entertainment Deck","Explore, Quick, Comfort","Level 3, Transit Area","24/7"
"24-Hour Movie Theatre","Relax, Explore, Quick, Comfort","Level 3, Transit Area","24/7"
"Peach Garden Restaurant","Comfort, Quick","Level 2, Public Area","10:00-22:00"
"Chutney Mary","Comfort, Quick","Level 2, Public Area","10:00-22:00"
"Butterfly Garden","Explore, Relax, Quick, Comfort","Level 2, Transit Area","24/7"
"The Slide @ T3","Explore, Quick, Comfort","Level 1, Public Area","12:00-22:30"
"ST3PS","Relax, Explore, Quick, Comfort","Basement 2, Public Area","24/7"
"Lounges","Relax, Work, Comfort, Quick","Various locations","24/7"
"Heritage Zone","Explore, Quick, Comfort","Transit Area, Level 2","24/7"
"Blossom – SATS & Plaza Premium Lounge","Relax, Work, Comfort, Quick","Level 2, Transit Area","24/7"
"International Food Hall","Comfort, Quick","Level 2, Transit Area","10:00-22:00"
"Green Spaces","Relax, Explore, Quick, Comfort","Various locations","24/7"
"Rain Vortex","Explore, Relax, Quick, Comfort","Jewel, Level 1","10:00-22:00"
"Forest Valley","Explore, Relax, Quick, Comfort","Jewel, Level 1-4","10:00-22:00"
"Canopy Park","Explore, Quick, Comfort","Jewel, Level 5","10:00-22:00"
"Changi Lounge","Relax, Work, Comfort, Quick","Jewel, Level 1","10:00-22:00"
"Foggy Bowls","Explore, Family, Quick, Comfort","Level 1, near central atrium","24 hours"
"Hedge Maze","Explore, Family, Quick, Comfort","Level 1, near central atrium","24 hours"
"Manulife Sky Nets","Explore, Active, Quick, Comfort","Level 1, near central atrium","24 hours"
"Mirror Maze","Explore, Family, Quick, Comfort","Level 1, near central atrium","24 hours"
"Changi Experience Studio","Explore, Learn, Quick, Comfort","Level 1, near central atrium","24 hours"
"Bengawan Solo","Food, Local, Quick, Comfort","Terminal Area","6:00 AM - 11:00 PM"
"Tiger Street Lab","Food, Social, Quick, Comfort","Terminal Area","6:00 AM - 11:00 PM"
"Din Tai Fung","Food, Asian, Quick, Comfort","Terminal Area","6:00 AM - 11:00 PM"
"Starbucks","Quick, Comfort","Departure Transit Lounge West, Level 2, #02-K10","24/7"
"PAUL Le Café","Quick, Comfort","Departure/Transit Lounge West, Level 2, #02-26","24/7"
"Dunkin' Donuts","Quick, Comfort","Departure Transit Area, #02-K14","24/7"
"The Coffee Bean & Tea Leaf","Quick, Comfort","Transfer F area","24/7"
"Starbucks","Quick, Comfort","Departure Transit Lounge, Level 2","24/7"
"The Coffee Bean & Tea Leaf","Quick, Comfort","Transit Lounge South, Level 2, #02-K4","24/7"
"Pret A Manger","Quick, Comfort","Transit Lounge Central, Level 2","24/7"
"The Coffee Bean & Tea Leaf","Quick, Comfort","Level 2, #02-36","24/7"
"Starbucks","Quick, Comfort","Level 2, #02-204","24/7"
"The Coffee Bean & Tea Leaf","Quick, Comfort","Level 1, #01-200","24/7"
"PAUL Bakery & Restaurant","Quick, Comfort","Basement 1, #B1-225","24/7"
"Dunkin' Donuts","Quick, Comfort","Basement 2, #B2-270","24/7"
"Burger King","Quick, Comfort","Departure/Transit Lounge West, Mezzanine Level, #03-02","24/7"
"4Fingers Crispy Chicken","Quick, Comfort","Transit Area","24/7"
"Chutney Mary Indian Fast Food","Quick, Comfort","Transit Area","24/7"
"McDonald's","Quick, Comfort","Arrival Hall, Level 1","24/7"
"4Fingers Crispy Chicken","Quick, Comfort","#B2-02","24/7"
"Burger King","Quick, Comfort","International Food Hall","24/7"
"Shake Shack","Quick, Comfort","Level 2","24/7"
"A&W Restaurants","Quick, Comfort","Level 2","24/7"