"name","terminal_code","category","amenity_type","description","location_description","opening_hours","vibe_tags","status","image_url","airport_code","lat","lng","price_tier"
"Betty's Burgers","SYD-T1","Dining","Casual Dining","","Before Security, Food Court","{""Monday-Sunday"":""24/7""}","Refuel;Quick","active","https://cdn.terminal.plus/images/amenities/bettys-burgers.jpg","SYD",-33.946111,151.177222,"$$"
"Campos Coffee","SYD-T1","Dining","Café","","After Security, near Gate 24","{""Monday-Sunday"":""24/7""}","Chill;Refuel;Quick","active","https://cdn.terminal.plus/images/amenities/campos-coffee.jpg","SYD",-33.9462,151.1773,"$$"
"Heineken House","SYD-T1","Dining","Bar","","After Security, near Gate 10","{""Monday-Sunday"":""24/7""}","Chill;Explore","active","https://cdn.terminal.plus/images/amenities/heineken-house.jpg","SYD",-33.9463,151.1774,"$$$"
"Kitchen by Mike","SYD-T1","Dining","Casual Dining","","After Security, near Gate 30","{""Monday-Sunday"":""24/7""}","Refuel;Quick","active","https://cdn.terminal.plus/images/amenities/kitchen-by-mike.jpg","SYD",-33.9464,151.1775,"$$$"
"Lilong by Taste of Shanghai","SYD-T1","Dining","Casual Dining","","After Security, near Gate 56","{""Monday-Sunday"":""24/7""}","Refuel;Quick","active","https://cdn.terminal.plus/images/amenities/lilong.jpg","SYD",-33.9465,151.1776,"$$$"
"McDonald's","SYD-T1","Dining","Fast Food","","After Security, near Gates 24 and 50","{""Monday-Sunday"":""24/7""}","Refuel;Quick","active","https://cdn.terminal.plus/images/amenities/mcdonalds.jpg","SYD",-33.9466,151.1777,"$"
"Sahara Grill","SYD-T1","Dining","Quick Eats","","After Security, near Gate 10","{""Monday-Sunday"":""24/7""}","Food;Quick","active","https://cdn.terminal.plus/images/amenities/sahara-grill.jpg","SYD",-33.9467,151.1778,"$$"
"SumoSalad Green on Green","SYD-T1","Dining","Quick Eats","","After Security, near Gate 24","{""Monday-Sunday"":""24/7""}","Comfort;Food;Healthy;Quick","active","https://cdn.terminal.plus/images/amenities/sumosalad.jpg","SYD",-33.9468,151.1779,"$$"
"Sushia","SYD-T1","Dining","Casual Dining","","After Security, near Gate 30","{""Monday-Sunday"":""24/7""}","Comfort;Food;Quick","active","https://cdn.terminal.plus/images/amenities/sushia.jpg","SYD",-33.9469,151.178,"$$$"
"The Bistro by Wolfgang Puck","SYD-T1","Dining","Casual Dining","","After Security, near Gate 10","{""Monday-Sunday"":""24/7""}","Comfort;Food;Premium;Quick;Social","active","https://cdn.terminal.plus/images/amenities/wolfgang-puck-bistro.jpg","SYD",-33.947,151.1781,"$$$$"
"Toby's Estate","SYD-T1","Dining","Café","","After Security, towards Gates 50-63","{""Monday-Sunday"":""24/7""}","Comfort;Food;Quick;Work","active","https://cdn.terminal.plus/images/amenities/tobys-estate.jpg","SYD",-33.9471,151.1782,"$$"
"Yo! Sushi","SYD-T1","Dining","Casual Dining","","After Security, The Food Court","{""Monday-Sunday"":""24/7""}","Comfort;Food;Quick","active","https://cdn.terminal.plus/images/amenities/yo-sushi.jpg","SYD",-33.9472,151.1783,"$$$"
"Heinemann Tax & Duty Free","SYD-T1","Retail","Duty-Free Store","","After Security, multiple locations including near Gates 31-33","{""Monday-Sunday"":""24/7""}","Comfort;Luxury;Quick;Shopping","active","https://cdn.terminal.plus/images/amenities/heinemann-duty-free.jpg","SYD",-33.9473,151.1784,"$$$"
"Louis Vuitton","SYD-T1","Retail","Luxury Fashion","","After Security, Luxury Precinct","{""Monday-Sunday"":""24/7""}","Comfort;Luxury;Quick;Shopping","active","https://cdn.terminal.plus/images/amenities/louis-vuitton.jpg","SYD",-33.9474,151.1785,"$$$$"
"Gucci","SYD-T1","Retail","Luxury Fashion","","After Security, towards Gates 50-63","{""Monday-Sunday"":""24/7""}","Comfort;Luxury;Quick;Shopping","active","https://cdn.terminal.plus/images/amenities/gucci.jpg","SYD",-33.9475,151.1786,"$$$$"
"Prada","SYD-T1","Retail","Luxury Fashion","","After Security, Luxury Precinct","{""Monday-Sunday"":""24/7""}","Comfort;Luxury;Quick;Shopping","active","https://cdn.terminal.plus/images/amenities/prada.jpg","SYD",-33.9476,151.1787,"$$$$"
"Cartier","SYD-T1","Retail","Luxury Jewelry","","After Security, Luxury Precinct","{""Monday-Sunday"":""24/7""}","Comfort;Luxury;Quick;Shopping","active","https://cdn.terminal.plus/images/amenities/cartier.jpg","SYD",-33.9477,151.1788,"$$$$"
"Burberry","SYD-T1","Retail","Luxury Fashion","","After Security, Luxury Precinct","{""Monday-Sunday"":""24/7""}","Comfort;Luxury;Quick;Shopping","active","https://cdn.terminal.plus/images/amenities/burberry.jpg","SYD",-33.9478,151.1789,"$$$$"
"Bottega Veneta","SYD-T1","Retail","Luxury Fashion","","After Security, Luxury Precinct","{""Monday-Sunday"":""24/7""}","Comfort;Luxury;Quick;Shopping","active","https://cdn.terminal.plus/images/amenities/bottega-veneta.jpg","SYD",-33.9479,151.179,"$$$$"
"Gentle Monster","SYD-T1","Retail","Eyewear","","After Security, Luxury Precinct","{""Monday-Sunday"":""24/7""}","Comfort;Luxury;Quick;Shopping","active","https://cdn.terminal.plus/images/amenities/gentle-monster.jpg","SYD",-33.948,151.1791,"$$$"
"Rip Curl","SYD-T1","Retail","Surfwear","","Before Security, Food Court","{""Monday-Sunday"":""24/7""}","Comfort;Fashion;Quick;Shopping","active","https://cdn.terminal.plus/images/amenities/rip-curl.jpg","SYD",-33.9481,151.1792,"$$"
"Amcal Pharmacy","SYD-T1","Retail","Pharmacy","","After Security, towards Gates 24-25","{""Monday-Sunday"":""24/7""}","Comfort;Convenience;Quick;Shopping","active","https://cdn.terminal.plus/images/amenities/amcal-pharmacy.jpg","SYD",-33.9482,151.1793,"$$"
"WHSmith","SYD-T1","Retail","Books & Convenience","","After Security, near Gates 10, 30, 51, and 54","{""Monday-Sunday"":""24/7""}","Comfort;Convenience;Quick;Shopping","active","https://cdn.terminal.plus/images/amenities/whsmith.jpg","SYD",-33.9483,151.1794,"$$"
"Global Exchange","SYD-T1","Retail","Currency Exchange","","Multiple locations before and after security","{""Monday-Sunday"":""24/7""}","Comfort;Convenience;Quick;Services","active","https://cdn.terminal.plus/images/amenities/global-exchange.jpg","SYD",-33.9484,151.1795,"$$"
"Qantas International First Lounge","SYD-T1","Lounge","Airline Lounge","","Mezzanine Level, after Customs","{""Monday-Sunday"":""05:00 – 22:00""}","Chill;Comfort;Quick","active","","SYD","","",""
"Qantas International Business Lounge","SYD-T1","Lounge","Airline Lounge","","Mezzanine Level, after Customs","{""Monday-Sunday"":""05:00 – 22:00""}","Chill;Comfort;Quick","active","","SYD","","",""
"Air New Zealand Lounge","SYD-T1","Lounge","Airline Lounge","","Level 3, near Gate 59","{""Monday-Sunday"":""06:00 – 21:00""}","Chill;Comfort;Quick","active","","SYD","","",""
"Singapore Airlines SilverKris Lounge","SYD-T1","Lounge","Airline Lounge","","Level 3, near Gate 59","{""Monday-Sunday"":""05:30 – 18:00""}","Chill;Comfort;Quick","active","","SYD","","",""
"Emirates Lounge","SYD-T1","Lounge","Airline Lounge","","Level 1, near Gate 58","{""Monday-Sunday"":""04:00 – 07:20 and 16:10 – 20:40""}","Chill;Comfort;Quick","active","","SYD","","",""
"The Centurion Lounge (American Express)","SYD-T1","Lounge","Credit Card Lounge","","Departures Level, near Gates 50–63","{""Monday-Sunday"":""06:00 – 21:00""}","Chill;Comfort;Quick","active","","SYD","","",""
"The House by Aspire","SYD-T1","Lounge","Independent Lounge","","Departures Level, near Gate 50","{""Monday-Sunday"":""05:00 – 22:00""}","Chill;Comfort;Quick","active","","SYD","","",""
"SkyTeam Lounge","SYD-T1","Lounge","Airline Alliance Lounge","","Departures Level, adjacent to Gate 24","{""Monday"":""05:30 - 22:00"",""Tuesday"":""05:30 - 22:00"",""Wednesday"":""05:30 - 22:00"",""Thursday"":""05:30 - 22:00"",""Friday"":""05:30 - 22:00"",""Saturday"":""05:30 - 22:00"",""Sunday"":""05:30 - 22:00""}","Chill;Comfort;Quick","active","","SYD","","",""
"Plaza Premium Lounge (Departures)","SYD-T1","Lounge","Independent Lounge","","Level 2, near Gates 25–26","{""Monday-Sunday"":""05:30 – 22:00""}","Chill;Comfort;Quick","active","","SYD","","",""
"Plaza Premium Lounge (Arrivals)","SYD-T1","Lounge","Independent Lounge","","Level 1, inside Aerotel, Arrivals B (non-restricted area)","{""Monday-Sunday"":""06:00 – 20:00""}","Chill;Comfort;Quick","active","","SYD","","",""
"Aerotel Airport Transit Hotel & Swimming Pool","SIN-T1","Hotels & Accommodations","Hotel","","After Security, Level 3","{""Monday-Sunday"":""24/7""}","Chill;Comfort","active","https://cdn.terminal.plus/images/amenities/aerotel.jpg","SIN",1.3644,103.9915,"$$$"
"Cactus Garden","SIN-T1","Attractions","Garden","","Rooftop, Level 3","{""Monday-Sunday"":""24/7""}","Chill;Comfort;Explore;Quick","active","https://cdn.terminal.plus/images/amenities/cactus-garden.jpg","SIN",1.3645,103.9916,"$"
"Kinetic Rain Sculpture","SIN-T1","Art & Culture","Art Installation","","Departure Hall, Public Area","{""Monday-Sunday"":""24/7""}","Comfort;Explore;Quick","active","https://cdn.terminal.plus/images/amenities/kinetic-rain.jpg","SIN",1.3646,103.9917,"$"
"The Social Tree","SIN-T1","Art & Culture","Interactive Installation","","Central Transit Area","{""Monday-Sunday"":""24/7""}","Comfort;Explore;Quick","active","https://cdn.terminal.plus/images/amenities/social-tree.jpg","SIN",1.3647,103.9918,"$"
"Lounges","SIN-T1","Lounges","Lounge","","Various locations","{""Monday-Sunday"":""24/7""}","Chill;Comfort;Quick;Work","active","https://cdn.terminal.plus/images/amenities/lounge.jpg","SIN",1.3648,103.9919,"$$$"
"Snooze Lounge","SIN-T2","Rest Areas","Rest Area","","Transit Area, Level 2","{""Monday-Sunday"":""24/7""}","Chill;Comfort;Quick","active","https://cdn.terminal.plus/images/amenities/snooze-lounge.jpg","SIN",1.362,103.991,"$"
"Entertainment Deck","SIN-T2","Entertainment","Gaming Area","","Level 3, Transit Area","{""Monday-Sunday"":""24/7""}","Comfort;Explore;Quick","active","https://cdn.terminal.plus/images/amenities/entertainment-deck.jpg","SIN",1.3621,103.9911,"$"
"24-Hour Movie Theatre","SIN-T2","Entertainment","Cinema","","Level 3, Transit Area","{""Monday-Sunday"":""24/7""}","Chill;Comfort;Explore;Quick","active","https://cdn.terminal.plus/images/amenities/movie-theatre.jpg","SIN",1.3622,103.9912,"$"
"Peach Garden Restaurant","SIN-T2","Food & Drink","Restaurant","","Level 2, Public Area","{""Monday-Sunday"":""10:00-22:00""}","Quick","active","https://cdn.terminal.plus/images/amenities/peach-garden.jpg","SIN",1.3623,103.9913,"$$"
"Chutney Mary","SIN-T2","Food & Drink","Restaurant","","Level 2, Public Area","{""Monday-Sunday"":""10:00-22:00""}","Quick","active","https://cdn.terminal.plus/images/amenities/chutney-mary.jpg","SIN",1.3624,103.9914,"$$"
"Butterfly Garden","SIN-T3","Attractions","Garden","","Level 2, Transit Area","{""Monday-Sunday"":""24/7""}","Chill;Comfort;Explore;Quick","active","https://cdn.terminal.plus/images/amenities/butterfly-garden.jpg","SIN",1.35,103.994,"$"
"The Slide @ T3","SIN-T3","Entertainment","Slide","","Level 1, Public Area","{""Monday-Sunday"":""12:00-22:30""}","Comfort;Explore;Quick","active","https://cdn.terminal.plus/images/amenities/the-slide.jpg","SIN",1.3501,103.9941,"$"
"ST3PS","SIN-T3","Entertainment","Seating Area","","Basement 2, Public Area","{""Monday-Sunday"":""24/7""}","Chill;Comfort;Explore;Quick","active","https://cdn.terminal.plus/images/amenities/st3ps.jpg","SIN",1.3502,103.9942,"$"
"Lounges","SIN-T3","Lounges","Lounge","","Various locations","{""Monday-Sunday"":""24/7""}","Chill;Comfort;Quick;Work","active","https://cdn.terminal.plus/images/amenities/lounge.jpg","SIN",1.3503,103.9943,"$$$"
"Heritage Zone","SIN-T4","Art & Culture","Cultural Area","","Transit Area, Level 2","{""Monday-Sunday"":""24/7""}","Comfort;Explore;Quick","active","https://cdn.terminal.plus/images/amenities/heritage-zone.jpg","SIN",1.339,103.987,"$"
"Blossom – SATS & Plaza Premium Lounge","SIN-T4","Lounges","Lounge","","Level 2, Transit Area","{""Monday-Sunday"":""24/7""}","Chill;Comfort;Quick;Work","active","https://cdn.terminal.plus/images/amenities/blossom-lounge.jpg","SIN",1.3391,103.9871,"$$$"
"International Food Hall","SIN-T4","Food & Drink","Food Hall","","Level 2, Transit Area","{""Monday-Sunday"":""10:00-22:00""}","Quick","active","https://cdn.terminal.plus/images/amenities/food-hall.jpg","SIN",1.3392,103.9872,"$$"
"Green Spaces","SIN-T4","Attractions","Green Area","","Various locations","{""Monday-Sunday"":""24/7""}","Chill;Comfort;Explore;Quick","active","https://cdn.terminal.plus/images/amenities/green-spaces.jpg","SIN",1.3393,103.9873,"$"
"Rain Vortex","SIN-JEWEL","Attractions","Waterfall","","Jewel, Level 1","{""Monday-Sunday"":""10:00-22:00""}","Chill;Comfort;Explore;Quick","active","https://cdn.terminal.plus/images/amenities/rain-vortex.jpg","SIN",1.36,103.989,"$$"
"Forest Valley","SIN-JEWEL","Attractions","Garden","","Jewel, Level 1-4","{""Monday-Sunday"":""10:00-22:00""}","Chill;Comfort;Explore;Quick","active","https://cdn.terminal.plus/images/amenities/forest-valley.jpg","SIN",1.3601,103.9891,"$$"
"Canopy Park","SIN-JEWEL","Entertainment","Park","","Jewel, Level 5","{""Monday-Sunday"":""10:00-22:00""}","Comfort;Explore;Quick","active","https://cdn.terminal.plus/images/amenities/canopy-park.jpg","SIN",1.3602,103.9892,"$$"
"Changi Lounge","SIN-JEWEL","Lounges","Lounge","","Jewel, Level 1","{""Monday-Sunday"":""10:00-22:00""}","Chill;Comfort;Quick;Work","active","https://cdn.terminal.plus/images/amenities/changi-lounge.jpg","SIN",1.3603,103.9893,"$$$"
"Foggy Bowls","SIN-JEWEL","Experiences","Attractions","Mist-filled play areas for children","Level 1, near central atrium","{""Monday-Sunday"":""24/7""}","Comfort;Explore;Family;Quick","active","","SIN",1.3604,103.9894,"$"
"Hedge Maze","SIN-JEWEL","Experiences","Attractions","Singapore's largest hedge maze","Level 1, near central atrium","{""Monday-Sunday"":""24/7""}","Comfort;Explore;Family;Quick","active","","SIN",1.3605,103.9895,"$"
"Manulife Sky Nets","SIN-JEWEL","Experiences","Attractions","Walking and bouncing nets suspended in the air","Level 1, near central atrium","{""Monday-Sunday"":""24/7""}","Active;Comfort;Explore;Quick","active","","SIN",1.3606,103.9896,"$"
"Mirror Maze","SIN-JEWEL","Experiences","Attractions","Immersive mirror maze experience","Level 1, near central atrium","{""Monday-Sunday"":""24/7""}","Comfort;Explore;Family;Quick","active","","SIN",1.3607,103.9897,"$"
"Changi Experience Studio","SIN-JEWEL","Experiences","Interactive","Interactive digital attraction about Changi Airport","Level 1, near central atrium","{""Monday-Sunday"":""24/7""}","Comfort;Explore;Learn;Quick","active","","SIN",1.3608,103.9898,"$"
"Bengawan Solo","SIN-JEWEL","Food & Beverage","Bakery & Desserts","Traditional Singaporean cakes and kueh","Terminal Area","{""Monday-Sunday"":""6:00-23:00""}","Food;Local;Quick","active","","SIN",1.3609,103.9899,"$"
"Tiger Street Lab","SIN-JEWEL","Food & Beverage","Bars & Pubs","Craft beer and local fare","Terminal Area","{""Monday-Sunday"":""6:00-23:00""}","Comfort;Food;Quick","active","","SIN",1.361,103.99,"$"
"Din Tai Fung","SIN-JEWEL","Food & Beverage","Chinese","Renowned Taiwanese restaurant famous for xiaolongbao","Terminal Area","{""Monday-Sunday"":""6:00-23:00""}","Asian;Comfort;Food;Quick","active","","SIN",1.3611,103.9901,"$"
"Starbucks","SIN-T1","Coffee & Snacks","coffee shop","","Departure Transit Lounge West, Level 2, #02-K10","{""Monday-Sunday"":""24/7""}","Comfort;Quick","active","","SIN","","","$$"
"PAUL Le Café","SIN-T1","Coffee & Snacks","bakery café","","Departure/Transit Lounge West, Level 2, #02-26","{""Monday-Sunday"":""24/7""}","Comfort;Quick","active","","SIN","","","$$"
"Dunkin' Donuts","SIN-T2","Coffee & Snacks","coffee & donuts","","Departure Transit Area, #02-K14","{""Monday-Sunday"":""24/7""}","Comfort;Quick","active","","SIN","","","$$"
"The Coffee Bean & Tea Leaf","SIN-T2","Coffee & Snacks","coffee shop","","Transfer F area","{""Monday-Sunday"":""24/7""}","Comfort;Quick","active","","SIN","","","$$"
"Starbucks","SIN-T3","Coffee & Snacks","coffee shop","","Departure Transit Lounge, Level 2","{""Monday-Sunday"":""24/7""}","Comfort;Quick","active","","SIN","","","$$"
"The Coffee Bean & Tea Leaf","SIN-T3","Coffee & Snacks","coffee shop","","Transit Lounge South, Level 2, #02-K4","{""Monday-Sunday"":""24/7""}","Comfort;Quick","active","","SIN","","","$$"
"Pret A Manger","SIN-T3","Coffee & Snacks","coffee & fresh food","","Transit Lounge Central, Level 2","{""Monday-Sunday"":""24/7""}","Comfort;Quick","active","","SIN","","","$$"
"The Coffee Bean & Tea Leaf","SIN-T4","Coffee & Snacks","coffee shop","","Level 2, #02-36","{""Monday-Sunday"":""24/7""}","Comfort;Quick","active","","SIN","","","$$"
"Starbucks","SIN-JEWEL","Coffee & Snacks","coffee shop","","Level 2, #02-204","{""Monday-Sunday"":""24/7""}","Comfort;Quick","active","","SIN","","","$$"
"The Coffee Bean & Tea Leaf","SIN-JEWEL","Coffee & Snacks","coffee shop","","Level 1, #01-200","{""Monday-Sunday"":""24/7""}","Comfort;Quick","active","","SIN","","","$$"
"PAUL Bakery & Restaurant","SIN-JEWEL","Coffee & Snacks","bakery café","","Basement 1, #B1-225","{""Monday-Sunday"":""24/7""}","Comfort;Quick","active","","SIN","","","$$"
"Dunkin' Donuts","SIN-JEWEL","Coffee & Snacks","coffee & donuts","","Basement 2, #B2-270","{""Monday-Sunday"":""24/7""}","Comfort;Quick","active","","SIN","","","$$"
"Burger King","SIN-T1","Food & Drink","fast food","","Departure/Transit Lounge West, Mezzanine Level, #03-02","{""Monday-Sunday"":""24/7""}","Comfort;Quick","active","","SIN","","","$"
"4Fingers Crispy Chicken","SIN-T1","Food & Drink","fast food","","Transit Area","{""Monday-Sunday"":""24/7""}","Comfort;Quick","active","","SIN","","","$"
"Chutney Mary Indian Fast Food","SIN-T2","Food & Drink","fast food","","Transit Area","{""Monday-Sunday"":""24/7""}","Comfort;Quick","active","","SIN","","","$"
"McDonald's","SIN-T3","Food & Drink","fast food","","Arrival Hall, Level 1","{""Monday-Sunday"":""24/7""}","Comfort;Quick","active","","SIN","","","$"
"4Fingers Crispy Chicken","SIN-T3","Food & Drink","fast food","","#B2-02","{""Monday-Sunday"":""24/7""}","Comfort;Quick","active","","SIN","","","$"
"Burger King","SIN-T4","Food & Drink","fast food","","International Food Hall","{""Monday-Sunday"":""24/7""}","Comfort;Quick","active","","SIN","","","$"
"Shake Shack","SIN-JEWEL","Food & Drink","fast food","","Level 2","{""Monday-Sunday"":""24/7""}","Comfort;Quick","active","","SIN","","","$"
"A&W Restaurants","SIN-JEWEL","Food & Drink","fast food","","Level 2","{""Monday-Sunday"":""24/7""}","Comfort;Quick","active","","SIN","","","$"
"PAUL Le Café","SIN-T1","Food & Beverage","bakery café","A French bakery and café serving pastries, sandwiches, and coffee.","Departure/Transit Lounge West, Level 2, #02-26","{""Monday-Sunday"":""24/7""}","Quick","active","","SIN",1.3651,103.9921,"$$"
"Burger King","SIN-T1","Food & Beverage","fast food","A well-known fast-food chain for burgers and fries.","Departure/Transit Lounge West, Mezzanine Level, #03-02","{""Monday-Sunday"":""24/7""}","Quick","active","","SIN",1.3652,103.9922,"$"
"4Fingers Crispy Chicken","SIN-T1","Food & Beverage","fast food","A fast-food chain specializing in crispy fried chicken.","Transit Area","{""Monday-Sunday"":""24/7""}","Quick","active","","SIN",1.3653,103.9923,"$"
"Chutney Mary Indian Fast Food","SIN-T1","Food & Beverage","fast food","An Indian fast-food restaurant.","Transit Area","{""Monday-Sunday"":""24/7""}","Quick","active","","SIN",1.3654,103.9924,"$"
"The Coffee Bean & Tea Leaf","SIN-T3","Food & Beverage","coffee shop","A coffee shop offering a variety of coffee, tea, and snacks.","Transit Lounge South, Level 2, #02-K4","{""Monday-Sunday"":""24/7""}","Quick","active","","SIN",1.3504,103.9944,"$$"
"Pret A Manger","SIN-T3","Food & Beverage","coffee & fresh food","A café serving fresh, organic coffee and handmade food.","Transit Lounge Central, Level 2","{""Monday-Sunday"":""24/7""}","Quick","active","","SIN",1.3505,103.9945,"$$"
"McDonald's","SIN-T3","Food & Beverage","fast food","The popular fast-food chain.","Arrival Hall, Level 1","{""Monday-Sunday"":""24/7""}","Quick","active","","SIN",1.3506,103.9946,"$"
"A Little Something","SYD-T1","duty free","souvenirs","","","{}","Shop","active","https://images.ctfassets.net/v228i5y5k0x4/29Y5driIMPDK8cty4buRHN/4795de534d8306c17df07be2cd472c63/A_little_something.png?h=210","SYD","","",""
"Amcal Pharmacy After Security Towards Gates 24 25","SYD-T1","travel essentials","services and currency","","","{}","Shop","active","https://images.ctfassets.net/v228i5y5k0x4/5sZZBkKp8WO2MgsI2iWq0e/26dbae791bc4acb657e8c467f655af72/AmcalPharmacy_tile_660x552.jpg?h=210","SYD","","",""
"Amcal Pharmacy T1 After Security Towards Gates 50 63","SYD-T1","travel essentials","services and currency","","","{}","Shop","active","https://images.ctfassets.net/v228i5y5k0x4/5sZZBkKp8WO2MgsI2iWq0e/26dbae791bc4acb657e8c467f655af72/AmcalPharmacy_tile_660x552.jpg?h=210","SYD","","",""
"Amcal Pharmacy Before Security Near Check In C And J","SYD-T1","travel essentials","services and currency","","","{}","Shop","active","https://images.ctfassets.net/v228i5y5k0x4/5sZZBkKp8WO2MgsI2iWq0e/26dbae791bc4acb657e8c467f655af72/AmcalPharmacy_tile_660x552.jpg?h=210","SYD","","",""
"Amcal Pharmacy T2 Domestic Near Gates 35 And 36","SYD-T2","travel essentials","services and currency","","","{}","Shop","active","https://images.ctfassets.net/v228i5y5k0x4/5sZZBkKp8WO2MgsI2iWq0e/26dbae791bc4acb657e8c467f655af72/AmcalPharmacy_tile_660x552.jpg?h=210","SYD","","",""
"Amcal Pharmacy T2 Domestic Towards Gate 49","SYD-T2","travel essentials","services and currency","","","{}","Shop","active","https://images.ctfassets.net/v228i5y5k0x4/5sZZBkKp8WO2MgsI2iWq0e/26dbae791bc4acb657e8c467f655af72/AmcalPharmacy_tile_660x552.jpg?h=210","SYD","","",""
"Australian Way","SYD-T1","souvenirs","","","","{}","Shop","active","https://images.ctfassets.net/v228i5y5k0x4/17TcXoTJrIA2GqY6ueuCKK/3e676a2bd8ead85343b979759f3cc380/STORE_THUMBNAIL_-_Australian_Way_-_T3_Qantas_-_660x552px.jpg?h=210","SYD","","",""
"Baggage Storage By Smarte Carte","SYD-T1","services and currency","","","","{}","Shop","active","https://images.ctfassets.net/v228i5y5k0x4/4zuWbkjq9iCm2OAca0gCCM/c9aef7bef335c7928021ec328ca5aa0b/Baggage_Storage_web_tile.jpg?h=210","SYD","","",""
"Baggage Storage By Smarte Carte","SYD-T3","services and currency","","","","{}","Shop","active","https://images.ctfassets.net/v228i5y5k0x4/4zuWbkjq9iCm2OAca0gCCM/c9aef7bef335c7928021ec328ca5aa0b/Baggage_Storage_web_tile.jpg?h=210","SYD","","",""
"Baggage Storage By Smarte Carte","SYD-T2","services and currency","","","","{}","Shop","active","https://images.ctfassets.net/v228i5y5k0x4/4zuWbkjq9iCm2OAca0gCCM/c9aef7bef335c7928021ec328ca5aa0b/Baggage_Storage_web_tile.jpg?h=210","SYD","","",""
"Balenciaga","SYD-T1","fashion and accessories","luxury","","","{}","Shop","active","https://images.ctfassets.net/v228i5y5k0x4/4hE43coTdDWDzxMfwOkV9p/aabe9d7de69a31016aca6d4a347650c2/Balenciaga_Campaign_660_x_552_pixels.jpg?h=210","SYD","","",""
"Blooming Trails","SYD-T1","services and currency","","","","{}","Shop","active","https://images.ctfassets.net/v228i5y5k0x4/62jdquRgf6UsaUUAamEKCS/a143382976b2790af1647b3851d33446/BloomingTrails_tile_660x552.jpg?h=210","SYD","","",""
"Bottega Veneta","SYD-T1","fashion and accessories","luxury","","","{}","Shop","active","https://images.ctfassets.net/v228i5y5k0x4/3GT6i305wwhrBcnnB1Vcv8/4ab14c9089e5123580f03ae832357bd7/TILE_-_660px_x_552px.jpg?h=210","SYD","","",""
"Burberry","SYD-T1","fashion and accessories","luxury","","","{}","Shop","active","https://images.ctfassets.net/v228i5y5k0x4/1IxC2RaNrCGcOyAgUEIYiC/7726ca8fcca871eec5f805223c708dd7/Burberry_Store_Brand_Tile-4-.png?h=210","SYD","","",""
"Bvlgari","SYD-T1","luxury","fashion and accessories","","","{}","Shop","active","https://images.ctfassets.net/v228i5y5k0x4/3w5m1Vyc8JkUbLHnCo4JJv/473648a995a1b94fef8d5fb620fb6fc5/1_AU_21_76072_151235_660x552.jpg?h=210","SYD","","",""
"Camilla T3 After Security Near Gate 4","SYD-T3","fashion and accessories","","","","{}","Shop","active","https://images.ctfassets.net/v228i5y5k0x4/7BIuZLiOPY6GgooOSuqA0c/bb2065a6232c6daf89878e4daa693d38/660x552_v2.jpg?h=210","SYD","","",""
"Carolina T3","SYD-T3","fashion and accessories","","","","{}","Shop","active","https://images.ctfassets.net/v228i5y5k0x4/5gqW7nZenY9vDb1kgAxOBl/f6087d46af2ed4606752d1aa15a053ec/editsquare-post-660x552-SYD-AIRPORT-50-.png?h=210","SYD","","",""
"Cartier","SYD-T1","luxury","fashion and accessories","","","{}","Shop","active","https://images.ctfassets.net/v228i5y5k0x4/5SqCQNDc3MT4FGzR6yzgYU/9c2f7aa90764fdcbaf19a2a4a2e3db38/Cartier_Airport_Facade-_660x552.png?h=210","SYD","","",""
"Celine","SYD-T1","luxury","","","","{}","Shop","active","https://images.ctfassets.net/v228i5y5k0x4/kYXvNm1mJMPgm0l04TL8E/d80e6eec181b68e3e9f6593cf183e4a4/Tile_660x552_background.jpg?h=210","SYD","","",""
"Decathlon","SYD-T2","Shop","","","","{}","Shop","active","https://images.ctfassets.net/v228i5y5k0x4/8HYP1rGH2P2bTRh0B5BOY/c21562bdde524ab7f3d8c7ec37e6ab7b/AIRPORT_-_Store_brand_tile.png?h=210","SYD","","",""
"Decjuba T2","SYD-T2","Shop","fashion and accessories","","","{}","Shop","active","https://images.ctfassets.net/v228i5y5k0x4/4rj4ZY4vFvNOgvHNHa9Clw/70a5966ce8552d47e31c663a95ca7f46/620X540.png?h=210","SYD","","",""
"Dior","SYD-T1","fashion and accessories","luxury","","","{}","Shop","active","https://images.ctfassets.net/v228i5y5k0x4/3Y8bgLVnQyvdUBCrypZNRh/b76f4b9b0c6f195a500453d1941e3d36/Tile.jpg?h=210","SYD","","",""
"Dior Beauty T2","SYD-T2","Shop","luxury","","","{}","Shop","active","https://images.ctfassets.net/v228i5y5k0x4/8KXGvyPc3137Jbcp6pQMT/dd8e8e901c898620c42880622eb90d53/Store_Brand_Tile.jpg?h=210","SYD","","",""
"Flight Centre","SYD-T1","services and currency","","","","{}","Shop","active","https://images.ctfassets.net/v228i5y5k0x4/5TRUk60U3C2cQEme4kc8Ue/a24e94cb8f05ea936db9ed7febf873ff/FlightCentre_tile_660x552.jpg?h=210","SYD","","",""
"Gentle Monster","SYD-T1","fashion and accessories","luxury","","","{}","Shop","active","https://images.ctfassets.net/v228i5y5k0x4/49Sq0jwiTjmdmbALvHTwuy/da5f90dab3ab3030aa461175505665a9/GM_BOLD_TITLE_660x552.jpg?h=210","SYD","","",""
"Global Exchange After Security Pier C Food Court Gate 51","SYD-T1","services and currency","","","","{}","Shop","active","https://images.ctfassets.net/v228i5y5k0x4/6irWegX1dRkZdQwG1E2Ypa/fdf5c0c99179210e0d07c1ffeafec6cf/exchnagetile.png?h=210","SYD","","",""
"Global Exchange Before Security Near Check In E","SYD-T1","services and currency","","","","{}","Shop","active","https://images.ctfassets.net/v228i5y5k0x4/6irWegX1dRkZdQwG1E2Ypa/fdf5c0c99179210e0d07c1ffeafec6cf/exchnagetile.png?h=210","SYD","","",""
"Global Exchange T1 After Security Near Australian Way","SYD-T1","services and currency","","","","{}","Shop","active","https://images.ctfassets.net/v228i5y5k0x4/6irWegX1dRkZdQwG1E2Ypa/fdf5c0c99179210e0d07c1ffeafec6cf/exchnagetile.png?h=210","SYD","","",""
"Global Exchange T1 After Security Near Qantas Club","SYD-T1","services and currency","","","","{}","Shop","active","https://images.ctfassets.net/v228i5y5k0x4/6irWegX1dRkZdQwG1E2Ypa/fdf5c0c99179210e0d07c1ffeafec6cf/exchnagetile.png?h=210","SYD","","",""
"Global Exchange T1 Arrivals Exit A","SYD-T1","services and currency","","","","{}","Shop","active","https://images.ctfassets.net/v228i5y5k0x4/6irWegX1dRkZdQwG1E2Ypa/fdf5c0c99179210e0d07c1ffeafec6cf/exchnagetile.png?h=210","SYD","","",""
"Global Exchange T1 Before Security Arrivals Exit B","SYD-T1","services and currency","","","","{}","Shop","active","https://images.ctfassets.net/v228i5y5k0x4/6irWegX1dRkZdQwG1E2Ypa/fdf5c0c99179210e0d07c1ffeafec6cf/exchnagetile.png?h=210","SYD","","",""
"Gucci","SYD-T1","fashion and accessories","luxury","","","{}","Shop","active","https://images.ctfassets.net/v228i5y5k0x4/7M0uFeuCjw92lOfN5uPMnX/d524465ddd0059957ea9815fc97bc71b/UNCROPPED_IMAGE_HORSEBIT_JACKIE_BAMBOO_TRIO.jpg?h=210","SYD","","",""
"Heinemann T2","SYD-T2","General","Shop","","","{}","Shop","active","https://images.ctfassets.net/v228i5y5k0x4/bZz0KDW2LGllRAr80szuc/1f8164d342ce1b383b66780ba62bf1bf/Heinemann_T2_Mobile_Splash_2024.png?h=210","SYD","","",""
"Heinemann T3","SYD-T3","General","Shop","","","{}","Shop","active","https://images.ctfassets.net/v228i5y5k0x4/1ljI0zcpn6Ej1K5j6lP6bl/e56f08c4bfd6312531fa0edb00b4f2a2/Heinemann_T3_Mobile_Splash_2024.png?h=210","SYD","","",""
"Heinemann T1 After Security Mega B","SYD-T1","duty free","fashion and accessories, heinemann-products","","","{}","Shop","active","https://images.ctfassets.net/v228i5y5k0x4/1bPsDLwr65UA9DyYENjUph/7e153eae99041386233330d47c90366b/MegaB.png?h=210","SYD","","",""
"Heinemann Pier B North Airside","SYD-T1","duty free","fashion and accessories, heinemann-products","","","{}","Shop","active","https://images.ctfassets.net/v228i5y5k0x4/3E0piOWoguRjlT82XGIB0r/5b388f00279c4fe091ab29b21f9daa12/Pier_B_North.png?h=210","SYD","","",""
"Heinemann Open Stores","SYD-T1","duty free","fashion and accessories, heinemann-products","","","{}","Shop","active","https://images.ctfassets.net/v228i5y5k0x4/16nv3R0iGFkbTjVDO2jkl3/5d5a81ab27234114d35c7d4ad8e1d91f/T1_Gatestore.png?h=210","SYD","","",""
"Heinemann Pier C Airside Departures","SYD-T1","duty free","fashion and accessories, heinemann-products","","","{}","Shop","active","https://images.ctfassets.net/v228i5y5k0x4/5W2Bw58D3WacY6A2ssYI4G/53e813a86c624c4ac11413a9486c8f94/Pier_C.png?h=210","SYD","","",""
"Heinemann Tax And Duty Free Arrivals A","SYD-T1","heinemann-products","","","","{}","Shop","active","https://images.ctfassets.net/v228i5y5k0x4/3n0K8zP9F6cwaYSmWgoQkA/e7602e1c31169ec02c11451f2d65a6f2/Arrivals_A.png?h=210","SYD","","",""
"Heinemann Tax And Duty Free Arrivals B","SYD-T1","heinemann-products","","","","{}","Shop","active","https://images.ctfassets.net/v228i5y5k0x4/P65i69Nq4gM8CgSMEQeM4/302096e22c071720d2d3257692e5c83d/Arrivals_B.png?h=210","SYD","","",""
"Hermes","SYD-T1","fashion and accessories","luxury","","","{}","Shop","active","https://images.ctfassets.net/v228i5y5k0x4/m6Qk8gL5gT1K1wD5eN0B2/28bdf71c1106a72e737c0eb83e786b3e/2019-NO-LOCATION-Hermes-Sydney-International-Airport-Store-1111-1200x800.jpg?h=210","SYD","","",""
"Jd Sports","SYD-T2","Shop","fashion and accessories","","","{}","Shop","active","https://images.ctfassets.net/v228i5y5k0x4/38sMvE5G0w2i0O8yCE0mU8/873f1d43a60a778c18c1ab57849c716e/JD_Sports_660x552.png?h=210","SYD","","",""
"Joules","SYD-T2","fashion and accessories","","","","{}","Shop","active","https://images.ctfassets.net/v228i5y5k0x4/33S8x4t3iQYIuIsm6K0G4g/a5e01b4fc6c888d2f70b777a834226d9/660_x_552_pixels.png?h=210","SYD","","",""
"Joules","SYD-T3","fashion and accessories","","","","{}","Shop","active","https://images.ctfassets.net/v228i5y5k0x4/33S8x4t3iQYIuIsm6K0G4g/a5e01b4fc6c888d2f70b777a834226d9/660_x_552_pixels.png?h=210","SYD","","",""
"Kate Spade","SYD-T3","fashion and accessories","","","","{}","Shop","active","https://images.ctfassets.net/v228i5y5k0x4/3V5tU5K3e8WggQo2gS8Usi/2984185794811a43a010d8f07449553f/KS_FA20_Knott_660x552.png?h=210","SYD","","",""
"Lost Property","SYD-T1","services and currency","","","","{}","Shop","active","https://images.ctfassets.net/v228i5y5k0x4/5cWnJ4aI5tO3yPqL8P5020/226d7010467a21f7d4c82b130f1d07c0/Lost_property_2.png?h=210","SYD","","",""
"Love Lisa T3","SYD-T3","fashion and accessories","","","","{}","Shop","active","https://images.ctfassets.net/v228i5y5k0x4/2w9BfQ463jC61tT0eLzU9W/dfa8de86d3d9203362145e173e3519d0/SYD-T3_1080x1080.jpg?h=210","SYD","","",""
"Merchant","SYD-T2","fashion and accessories","","","","{}","Shop","active","https://images.ctfassets.net/v228i5y5k0x4/2gU012k0e1bBfCj535E3uU/2059343046f53448f7f0cdb2820a133f/660x552.jpg?h=210","SYD","","",""
"Moncler","SYD-T1","luxury","fashion and accessories","","","{}","Shop","active","https://images.ctfassets.net/v228i5y5k0x4/18gL5iWf0I8j3e5hW36o4y/6e08dd1075c324424dd47290132c321b/Moncler_SYD_Airport__660x552.jpg?h=210","SYD","","",""
"Mrbirla","SYD-T2","Shop","travel essentials","","","{}","Shop","active","https://images.ctfassets.net/v228i5y5k0x4/77W79T8qH24c8W4uO0u6oU/0a49727530669d0d36746f3930438b97/mr_birla_tile_660_552.jpg?h=210","SYD","","",""
"National Geographic","SYD-T3","travel essentials","","","","{}","Shop","active","https://images.ctfassets.net/v228i5y5k0x4/4V0788sK5EGG8cgoSgUaKk/545700810214cbb115ab32e5bd9c61d5/NGT-AU-SYD-STORE-IMAGE-660x552px.jpg?h=210","SYD","","",""
"Newslink T2","SYD-T2","books and news","","","","{}","Shop","active","https://images.ctfassets.net/v228i5y5k0x4/16j2Yx07vOaykweYeCg6SS/f08e56213702e86b976d33301a2d488e/newslink_Generic_Image_660_x_552_pixels.png?h=210","SYD","","",""
"Newslink T3","SYD-T3","books and news","","","","{}","Shop","active","https://images.ctfassets.net/v228i5y5k0x4/16j2Yx07vOaykweYeCg6SS/f08e56213702e86b976d33301a2d488e/newslink_Generic_Image_660_x_552_pixels.png?h=210","SYD","","",""
"Newslink T1 After Security Towards Gates 50 63","SYD-T1","books and news","","","","{}","Shop","active","https://images.ctfassets.net/v228i5y5k0x4/16j2Yx07vOaykweYeCg6SS/f08e56213702e86b976d33301a2d488e/newslink_Generic_Image_660_x_552_pixels.png?h=210","SYD","","",""
"Newslink T1 After Security Near Gate 8","SYD-T1","books and news","","","","{}","Shop","active","https://images.ctfassets.net/v228i5y5k0x4/16j2Yx07vOaykweYeCg6SS/f08e56213702e86b976d33301a2d488e/newslink_Generic_Image_660_x_552_pixels.png?h=210","SYD","","",""
"Newslink T1 Before Security Near Check In D","SYD-T1","books and news","","","","{}","Shop","active","https://images.ctfassets.net/v228i5y5k0x4/16j2Yx07vOaykweYeCg6SS/f08e56213702e86b976d33301a2d488e/newslink_Generic_Image_660_x_552_pixels.png?h=210","SYD","","",""
"Newslink T1 Arrivals Exit B","SYD-T1","books and news","","","","{}","Shop","active","https://images.ctfassets.net/v228i5y5k0x4/16j2Yx07vOaykweYeCg6SS/f08e56213702e86b976d33301a2d488e/newslink_Generic_Image_660_x_552_pixels.png?h=210","SYD","","",""
"Oakley T2","SYD-T2","fashion and accessories","","","","{}","Shop","active","https://images.ctfassets.net/v228i5y5k0x4/2P9E8G2h88O6m6oG8cSKuO/cc02636f3c1de8f498c4d168a529813c/Oakley_shop_front.jpg?h=210","SYD","","",""
"Omega","SYD-T1","fashion and accessories","luxury","","","{}","Shop","active","https://images.ctfassets.net/v228i5y5k0x4/KkI9GgE0SCAYSCm8eWcI4/36495b6cbb03756d10c73b0631c34913/Omega_tile_660x552.jpg?h=210","SYD","","",""
"Optus","SYD-T1","services and currency","","","","{}","Shop","active","https://images.ctfassets.net/v228i5y5k0x4/1Tq3j1P9qAc4aW0g4mAy8e/4a6730cd90680d2208a3d13b2de488dd/Optus_webtile_660x552.jpg?h=210","SYD","","",""
"Optus T1 Arrivals","SYD-T1","services and currency","","","","{}","Shop","active","https://images.ctfassets.net/v228i5y5k0x4/1Tq3j1P9qAc4aW0g4mAy8e/4a6730cd90680d2208a3d13b2de488dd/Optus_webtile_660x552.jpg?h=210","SYD","","",""
"Prada","SYD-T1","fashion and accessories","luxury","","","{}","Shop","active","https://images.ctfassets.net/v228i5y5k0x4/6oY14p8sV2O8EU4e6E8k8G/fd2709e99a8037b5a5b51c140c83a79d/Prada_Store_Tiles.jpg?h=210","SYD","","",""
"Rip Curl","SYD-T3","fashion and accessories","","","","{}","Shop","active","https://images.ctfassets.net/v228i5y5k0x4/4V0w31rX9uUaYgC4qUu8o2/2aa9065609e25d36e7889cc46e01a82f/sydney-dom-airport-store-image-660x552px.jpg?h=210","SYD","","",""
"Saint Laurent","SYD-T1","fashion and accessories","luxury","","","{}","Shop","active","https://images.ctfassets.net/v228i5y5k0x4/2T0R43O7tP0d2n54dM2M7U/e54e4c2dd7767acfd553f18e5b6028fa/SAINT_LAURENT_SYDNEY_INT._AIRPORT.jpg?h=210","SYD","","",""
"Seed Heritage","SYD-T2","fashion and accessories","","","","{}","Shop","active","https://images.ctfassets.net/v228i5y5k0x4/2T8X7eSg6IuM6kY6s0gUUm/f5a2e63dd20485d77421869e5d6d45f3/seed_660x552.png?h=210","SYD","","",""
"Sunglass Hut T2 After Security Near Gate 32","SYD-T2","fashion and accessories","","","","{}","Shop","active","https://images.ctfassets.net/v228i5y5k0x4/1K0mP9f448uyU4Gggk08O2/0593416972412e690f0ca30e54d39fec/SGH_Generic_660_x_552_pixels.png?h=210","SYD","","",""
"Sunglass Hut T1 After Security Towards Gates 50 63","SYD-T1","fashion and accessories","","","","{}","Shop","active","https://images.ctfassets.net/v228i5y5k0x4/1K0mP9f448uyU4Gggk08O2/0593416972412e690f0ca30e54d39fec/SGH_Generic_660_x_552_pixels.png?h=210","SYD","","",""
"Sunglass Hut T3","SYD-T3","fashion and accessories","","","","{}","Shop","active","https://images.ctfassets.net/v228i5y5k0x4/1K0mP9f448uyU4Gggk08O2/0593416972412e690f0ca30e54d39fec/SGH_Generic_660_x_552_pixels.png?h=210","SYD","","",""
"Tiffany And Co","SYD-T1","fashion and accessories","luxury","","","{}","Shop","active","https://images.ctfassets.net/v228i5y5k0x4/5W2h2F4XqQOKw0mUqQoSWg/c42289c89f2a96a066601b3b27670404/Tiffany-store-shot.jpg?h=210","SYD","","",""
"Travelex","SYD-T1","services and currency","","","","{}","Shop","active","https://images.ctfassets.net/v228i5y5k0x4/2sN91N7T5O8oYIuG4mI8mI/d47225c2765365313988229b4344cd27/Travelex_tile_660x552.png?h=210","SYD","","",""
"Travelex T1 After Security Near Gate 8","SYD-T1","services and currency","","","","{}","Shop","active","https://images.ctfassets.net/v228i5y5k0x4/2sN91N7T5O8oYIuG4mI8mI/d47225c2765365313988229b4344cd27/Travelex_tile_660x552.png?h=210","SYD","","",""
"Travelex T1 After Security Near Gate 24","SYD-T1","services and currency","","","","{}","Shop","active","https://images.ctfassets.net/v228i5y5k0x4/2sN91N7T5O8oYIuG4mI8mI/d47225c2765365313988229b4344cd27/Travelex_tile_660x552.png?h=210","SYD","","",""
"Travelex T1 After Security Near Gate 30","SYD-T1","services and currency","","","","{}","Shop","active","https://images.ctfassets.net/v228i5y5k0x4/2sN91N7T5O8oYIuG4mI8mI/d47225c2765365313988229b4344cd27/Travelex_tile_660x552.png?h=210","SYD","","",""
"Travelex T1 After Security Near Gate 53","SYD-T1","services and currency","","","","{}","Shop","active","https://images.ctfassets.net/v228i5y5k0x4/2sN91N7T5O8oYIuG4mI8mI/d47225c2765365313988229b4344cd27/Travelex_tile_660x552.png?h=210","SYD","","",""
"Travelex T1 Before Security Near Check In K","SYD-T1","services and currency","","","","{}","Shop","active","https://images.ctfassets.net/v228i5y5k0x4/2sN91N7T5O8oYIuG4mI8mI/d47225c2765365313988229b4344cd27/Travelex_tile_660x552.png?h=210","SYD","","",""
"Travelex T1 Arrivals Exit A","SYD-T1","services and currency","","","","{}","Shop","active","https://images.ctfassets.net/v228i5y5k0x4/2sN91N7T5O8oYIuG4mI8mI/d47225c2765365313988229b4344cd27/Travelex_tile_660x552.png?h=210","SYD","","",""
"Travelex T2 After Security Opposite Gate 33","SYD-T2","services and currency","","","","{}","Shop","active","https://images.ctfassets.net/v228i5y5k0x4/2sN91N7T5O8oYIuG4mI8mI/d47225c2765365313988229b4344cd27/Travelex_tile_660x552.png?h=210","SYD","","",""
"Travelex T2 Before Security Arrivals Carousel 2","SYD-T2","services and currency","","","","{}","Shop","active","https://images.ctfassets.net/v228i5y5k0x4/2sN91N7T5O8oYIuG4mI8mI/d47225c2765365313988229b4344cd27/Travelex_tile_660x552.png?h=210","SYD","","",""
"Travelex T3 Before Security","SYD-T3","services and currency","","","","{}","Shop","active","https://images.ctfassets.net/v228i5y5k0x4/2sN91N7T5O8oYIuG4mI8mI/d47225c2765365313988229b4344cd27/Travelex_tile_660x552.png?h=210","SYD","","",""
"Versace","SYD-T1","fashion and accessories","luxury","","","{}","Shop","active","https://images.ctfassets.net/v228i5y5k0x4/sU0c0r55uNlMv7K1561fF/b6245138f32ac9105ca592d3f6d7abac/Sydney_International_Airport_Medusa_Biggie_660x552.jpg?h=210","SYD","","",""
"Vodafone","SYD-T1","services and currency","","","","{}","Shop","active","https://images.ctfassets.net/v228i5y5k0x4/6Yv3l98b3G4kG2cggSKqU6/50529d38561141c2c31c9a633fa790b8/Vodafone_tile_660x552.jpg?h=210","SYD","","",""
"Vodafone T1 Arrivals","SYD-T1","services and currency","","","","{}","Shop","active","https://images.ctfassets.net/v228i5y5k0x4/6Yv3l98b3G4kG2cggSKqU6/50529d38561141c2c31c9a633fa790b8/Vodafone_tile_660x552.jpg?h=210","SYD","","",""
"Watermark Books","SYD-T2","books and news","","","","{}","Shop","active","https://images.ctfassets.net/v228i5y5k0x4/5W2Bw58D3WacY6A2ssYI4G/53e813a86c624c4ac11413a9486c8f94/Pier_C.png?h=210","SYD","","",""
"Watermark Books Cafe","SYD-T3","books and news","","","","{}","Shop","active","https://images.ctfassets.net/v228i5y5k0x4/5W2Bw58D3WacY6A2ssYI4G/53e813a86c624c4ac11413a9486c8f94/Pier_C.png?h=210","SYD","","",""
"Whsmith T2 After Security Near Gate 36","SYD-T2","books and news","","","","{}","Shop","active","https://images.ctfassets.net/v228i5y5k0x4/4f2U1kMOK4mUeU6mK8g80S/a15f062243e8da6383e584f23e6ecb05/wh-smith-generic-660x552.png?h=210","SYD","","",""
"Whsmith T2 After Security Near Gate 49","SYD-T2","books and news","","","","{}","Shop","active","https://images.ctfassets.net/v228i5y5k0x4/4f2U1kMOK4mUeU6mK8g80S/a15f062243e8da6383e584f23e6ecb05/wh-smith-generic-660x552.png?h=210","SYD","","",""
"Whsmith T2 Before Security Arrivals Level 1","SYD-T2","books and news","","","","{}","Shop","active","https://images.ctfassets.net/v228i5y5k0x4/4f2U1kMOK4mUeU6mK8g80S/a15f062243e8da6383e584f23e6ecb05/wh-smith-generic-660x552.png?h=210","SYD","","",""
"Whsmith T3 After Security Near Gate 2","SYD-T3","books and news","","","","{}","Shop","active","https://images.ctfassets.net/v228i5y5k0x4/4f2U1kMOK4mUeU6mK8g80S/a15f062243e8da6383e584f23e6ecb05/wh-smith-generic-660x552.png?h=210","SYD","","",""
"Whsmith T3 After Security Near Gate 10","SYD-T3","books and news","","","","{}","Shop","active","https://images.ctfassets.net/v228i5y5k0x4/4f2U1kMOK4mUeU6mK8g80S/a15f062243e8da6383e584f23e6ecb05/wh-smith-generic-660x552.png?h=210","SYD","","",""
"Whsmith T3 Before Security Arrivals Level 1","SYD-T3","books and news","","","","{}","Shop","active","https://images.ctfassets.net/v228i5y5k0x4/4f2U1kMOK4mUeU6mK8g80S/a15f062243e8da6383e584f23e6ecb05/wh-smith-generic-660x552.png?h=210","SYD","","",""
"Wondertree","LHR-T2","Food & Beverage","Restaurant","Family-friendly all-day dining with global comfort food.","Airside, Level 5 near Gate A18","{""Monday-Sunday"":""05:00-22:00""}","Chill;Refuel","active","","LHR",51.4698,-0.4517,"$$"
"WHSmith","LHR-T2","Shop","Travel Essentials","Books, snacks, and last-minute travel items.","Airside, near security exit","{""Monday-Sunday"":""04:30-22:00""}","Quick;Shop","active","","LHR",51.4701,-0.452,"$"
"Plaza Premium Lounge","LHR-T2","Services","Lounge","Independent premium lounge with food, drinks, and showers.","Airside, Level 4 after security","{""Monday-Sunday"":""05:00-22:00""}","Chill;Comfort;Grind;Refuel","active","","LHR",51.4702,-0.4521,"$$$"
"The Perfectionists' Café by Heston Blumenthal","LHR-T2","Food & Beverage","Upscale Restaurant","Innovative British cuisine by celebrity chef Heston Blumenthal.","Airside, near the central concourse","{""Monday-Sunday"":""05:00-22:00""}","Explore;Refuel","active","","LHR",51.4699,-0.4522,"$$$"
"Burberry","LHR-T2","Shop","Luxury Fashion","Iconic British luxury brand offering fashion and accessories.","Airside, Luxury Retail Area","{""Monday-Sunday"":""06:00-21:00""}","Shop","active","","LHR",51.4703,-0.4523,"$$$"
"Ca'puccino","LHR-T2","Food & Beverage","Cafe","Italian-style coffee and pastries.","Airside, Departure Lounge","{""Monday-Sunday"":""05:00-21:00""}","Chill;Quick","active","","LHR",51.4704,-0.4524,"$$"
"World Duty Free","LHR-T2","Shop","Duty Free","Tax-free goods including fragrances, alcohol, and travel exclusives.","Airside, Departures","{""Monday-Sunday"":""04:30-22:00""}","Shop","active","","LHR",51.4705,-0.4525,"$$"
"Joe & The Juice","LHR-T2","Food & Beverage","Juice Bar","Health-focused juices, smoothies, and sandwiches.","Near Gate A15","{""Monday-Sunday"":""05:00-21:00""}","Quick;Refuel","active","","LHR",51.4706,-0.4526,"$$"
"British Airways Galleries First Lounge","LHR-T5","Services","Airline Lounge – First Class","Exclusive lounge with à la carte dining, champagne bar, business area, and spa showers.","Airside, South Lounge complex, near Gate A18","{""Monday-Sunday"":""05:00–22:30""}","Chill;Comfort;Grind;Refuel","active","","LHR",51.4701,-0.4902,"$$$"
"British Airways Galleries Club Lounge (North)","LHR-T5","Services","Airline Lounge – Business","Modern lounge with buffet, bar, showers, work areas, and views of the runway.","Airside, North Lounge complex, Level 3","{""Monday-Sunday"":""05:00–22:30""}","Chill;Comfort;Grind;Refuel","active","","LHR",51.4702,-0.4903,"$$"
"British Airways Galleries Club Lounge (South)","LHR-T5","Services","Airline Lounge – Business","South version of BA's business lounge with ample seating, food, drink, and productivity zones.","Airside, South Lounge complex, near Gate A18","{""Monday-Sunday"":""05:00–22:30""}","Chill;Comfort;Grind;Refuel","active","","LHR",51.4703,-0.4904,"$$"
"Aspire Lounge – Terminal 5","LHR-T5","Services","Pay-per-Use Lounge","Independent lounge open to all passengers with food, drinks, workstations, and showers.","Airside, near Gate A18","{""Monday-Sunday"":""05:00–20:00""}","Chill;Comfort;Grind;Refuel","active","","LHR",51.4704,-0.4905,"$$"
"British Airways Concorde Room","LHR-T5","Services","Elite First Class Lounge","Invite-only luxury lounge with fine dining, private cabanas, and champagne bar.","Airside, South Lounge complex – behind First Lounge","{""Monday-Sunday"":""05:30–22:30""}","Chill;Comfort;Luxury","active","","LHR",51.4705,-0.4906,"$$$"
"British Airways Galleries Lounge – T5B","LHR-T5","Services","Airline Lounge – Business","Smaller satellite lounge for BA Club World passengers transiting through Terminal 5B. Includes food, drinks, Wi-Fi, and seating.","Airside, Terminal 5B Departures, near Gate B36","{""Monday-Sunday"":""05:00–22:00""}","Chill;Comfort;Grind;Refuel","active","","LHR",51.4706,-0.4925,"$$"
"British Airways Galleries Lounge – T5C","LHR-T5","Services","Airline Lounge – Business","Light-use lounge in satellite C pier. Open depending on flight volume and time of day.","Airside, Terminal 5C, upper floor","{""Monday-Sunday"":""Varies by flight schedule""}","Chill;Comfort;Grind;Refuel","active","","LHR",51.4707,-0.4941,"$$"
"World Duty Free","LHR-T5","Shop","Duty Free","Perfumes, skincare, makeup, alcohol, chocolates, and travel-exclusive offers.","Airside, central concourse after security","{""Monday-Sunday"":""04:30–22:30""}","Shop","active","","LHR",51.4708,-0.4907,"$$"
"Gucci","LHR-T5","Shop","Luxury Fashion","Designer handbags, accessories, shoes, and seasonal fashion collections.","Airside, luxury fashion row","{""Monday-Sunday"":""06:00–21:30""}","Shop","active","","LHR",51.4709,-0.4908,"$$$"
"Chanel","LHR-T5","Shop","Luxury Fashion & Beauty","Fragrance, beauty, and exclusive travel collections from Chanel.","Airside, near World Duty Free","{""Monday-Sunday"":""06:00–21:00""}","Chill;Shop","active","","LHR",51.471,-0.4909,"$$$"
"Rolex","LHR-T5","Shop","Watches & Jewelry","Flagship boutique for Swiss luxury timepieces. Appointment recommended.","Airside, luxury row","{""Monday-Sunday"":""07:00–21:00""}","Shop","active","","LHR",51.4711,-0.491,"$$$"
"WHSmith","LHR-T5","Shop","Books & Travel Essentials","Books, snacks, tech, magazines, SIMs, and travel must-haves.","Multiple locations: airside + landside","{""Monday-Sunday"":""05:00–22:00""}","Quick;Shop","active","","LHR",51.4712,-0.4911,"$"
"Boots","LHR-T5","Shop","Pharmacy & Toiletries","Medicines, skincare, baby supplies, food-to-go, and toiletries.","Landside, Airside, and T5B satellite","{""Monday-Sunday"":""05:00–22:00""}","Quick;Refuel;Shop","active","","LHR",51.4713,-0.4912,"$"
"Hermès","LHR-T5","Shop","Luxury Fashion","Iconic French boutique offering leather goods, scarves, fragrances, and accessories.","Airside, luxury shopping corridor","{""Monday-Sunday"":""06:30–21:00""}","Shop","active","","LHR",51.4714,-0.4913,"$$$"
"Mulberry","LHR-T5","Shop","British Luxury Fashion","British leather bags, accessories, and travel goods.","Airside, near Gate A10","{""Monday-Sunday"":""06:00–21:30""}","Shop","active","","LHR",51.4715,-0.4914,"$$$"
"Montblanc","LHR-T5","Shop","Luxury Accessories","Premium pens, watches, wallets, and business gifts.","Airside, central retail area","{""Monday-Sunday"":""06:30–21:00""}","Grind;Shop","active","","LHR",51.4716,-0.4915,"$$$"
"Tiffany & Co.","LHR-T5","Shop","Jewelry & Watches","Luxury jewelry, diamonds, and watches. Signature blue box service.","Airside, near luxury fashion row","{""Monday-Sunday"":""07:00–21:00""}","Chill;Shop","active","","LHR",51.4717,-0.4916,"$$$"
"Bottega Veneta","LHR-T5","Shop","Italian Luxury Fashion","Elegant leather bags, fashion accessories, and premium eyewear.","Airside, next to Gucci and Hermes","{""Monday-Sunday"":""06:30–21:00""}","Shop","active","","LHR",51.4718,-0.4917,"$$$"
"Hackett London","LHR-T5","Shop","British Menswear","Classic British tailoring, shirts, and casualwear for men.","Airside, men's fashion row","{""Monday-Sunday"":""06:00–21:00""}","Grind;Shop","active","","LHR",51.4719,-0.4918,"$$"
"The Harry Potter Shop","LHR-T5","Shop","Themed Souvenirs","Official Harry Potter merchandise including wands, sweets, books, and Hogwarts gear.","Airside, near Gate A10","{""Monday-Sunday"":""06:00–21:00""}","Chill;Explore;Shop","active","","LHR",51.472,-0.4919,"$$"
"Hamleys","LHR-T5","Shop","Toys & Games","The world-famous toy store featuring gifts for children of all ages — plush toys, games, souvenirs.","Airside, main shopping concourse","{""Monday-Sunday"":""06:00–21:30""}","Chill;Explore;Shop","active","","LHR",51.4721,-0.492,"$$"
"Glorious Britain","LHR-T5","Shop","Souvenirs & Gifts","UK-themed souvenirs: mugs, tees, London buses, tea, royal memorabilia, and quirky gifts.","Airside, near World Duty Free","{""Monday-Sunday"":""05:30–21:00""}","Explore;Quick;Shop","active","","LHR",51.4722,-0.4921,"$"
"Smythson","LHR-T5","Shop","Stationery & Gifts","Luxury notebooks, leather diaries, and elegant gifting items.","Airside, luxury row","{""Monday-Sunday"":""06:00–21:00""}","Grind;Shop","active","","LHR",51.4723,-0.4922,"$$$"
"T5 Art Walk – British Airways Collection","LHR-T5","Experiences","Art Installation","A permanent exhibition of contemporary British art featuring sculptures and photography along the concourse.","Airside, central and south concourses","{""Monday-Sunday"":""24/7""}","Chill;Explore;Quick","active","","LHR",51.4724,-0.4923,"$"
"Quiet Seating Zone","LHR-T5","Services","Rest Area","Dedicated seating area with no announcements, low lighting, and ergonomic chairs.","Airside, near Gate A10","{""Monday-Sunday"":""24/7""}","Chill;Comfort","active","","LHR",51.4725,-0.4924,"$"
"Sofitel London Heathrow","LHR-T5","Hotel","Hotel","5-star hotel directly connected to T5 via covered walkway. Ideal for premium travelers, overnight layovers, or pre-flight relaxation. On-site spa, fine dining, and meeting rooms available.","Connected Landside, Direct walkway from T5 Departures Level","{}","Comfort;Chill","active","","LHR","","",""
"Heathrow Personal Shopper Lounge","LHR-T5","Experiences","Private Shopping","Complimentary service with multilingual staff helping travelers navigate luxury and gifting.","Airside, near luxury retail","{""Monday-Sunday"":""08:00–20:00""}","Chill;Explore;Shop","active","","LHR",51.4727,-0.4926,"$$"
"Plaza Premium Sleep Pods (Planned)","LHR-T5","Services","Sleep Pods","Planned future installation: private rest pods for short naps and layovers. Under development (2025+).","Expected Airside near Gate A18 (TBD)","{""Monday-Sunday"":""TBD""}","Chill;Comfort","planned","","LHR",51.4728,-0.4927,"$$"
"Gordon Ramsay Plane Food","LHR-T5","Bar","Bar","Upscale airport brasserie with cocktails, wine, and British fare. Quick Plane Food To Go option available.","Airside, Near Gate A7, T5","{}","Refuel;Chill","active","","LHR","","",""
"Huxleys Restaurant & Bar","LHR-T5","Bar","Bar","Traditional British pub with beer, wine, and all-day menu including fish & chips and burgers.","Airside, T5 main concourse","{}","Refuel;Chill","active","","LHR","","",""
"InMotion","LHR-T5","Tech","Tech","Travel electronics store with headphones, power banks, and accessories. Fast service.","Airside, Next to Boots, T5 South Concourse","{}","Shop;Quick","active","","LHR","","",""
"World Duty Free – Beauty & Fragrance","LHR-T5","Duty Free","Duty Free","Perfume, cosmetics, and beauty exclusives. Duty-free pricing for international travelers.","Airside, Central walkthrough, T5","{}","Shop;Explore","active","","LHR","","",""
"WHSmith","LHR-T5","Mini-Mart","Mini-Mart","Books, snacks, drinks, and last-minute travel supplies. Several locations in T5.","Airside, T5 main concourse and Gate A20","{}","Quick;Shop","active","","LHR","","",""
"Itsu","LHR-T5","Snack Bar","Snack Bar","Asian-inspired healthy fast food with sushi, salads, miso soup, and hot rice bowls.","Airside, Near Gate A6, T5","{}","Refuel;Quick","active","","LHR","","",""
"Aerotel London Heathrow (T3, near T2 access)","LHR-T3","Hotel","Hotel","Hourly hotel with ensuite rooms. Ideal for layovers, early arrivals, or overnight rest. Located in T3 but easily accessible from T2 via walkway. Book online or walk-in.","Landside, T3 Arrivals, 10-min walk from T2","{}","Comfort;Chill","active","","LHR","","",""
"Aerotel London Heathrow","LHR-T3","Hotel","Hotel","Compact hourly hotel with ensuite rooms inside T3 arrivals. Ideal for long layovers, early flights, or unexpected delays. Bookable by hour or overnight. Walk-in accepted based on availability.","Landside, T3 Arrivals Hall","{}","Comfort;Chill","active","","LHR","","",""
"YOTELAIR London Heathrow","LHR-T4","Hotel","Hotel","Futuristic sleep pods and compact cabins available by the hour or overnight. Equipped with smart beds, Wi-Fi, private showers. Accessible without passing security—perfect for transit or work-catchup stops.","Landside, Mezzanine Level, T4 Arrivals","{}","Comfort","active","","LHR","","",""
"ST3PS Public Screening Zone","SIN-T3","Entertainment","Entertainment","Large LED screen and amphitheatre-style seating area broadcasting movies, sports, and cultural content. Free public access for all transiting passengers.","Airside, Basement 2, Terminal 3 (near food court)","{}","Comfort;Explore;Chill","active","","SIN","","",""
"World Duty Free","LHR-T4","Duty Free","Duty Free","Extensive range of alcohol, beauty, fragrance, and travel retail exclusives. Open to all international travelers.","Airside, Main concourse, post-security","{}","Shop;Explore","active","","LHR","","",""
"Burberry","LHR-T4","Luxury","Luxury","Iconic British fashion house offering trench coats, bags, scarves, and travelwear. Duty-free pricing.","Airside, Luxury arcade, near Gate 6","{}","Shop;Explore","active","","LHR","","",""
"Hugo Boss","LHR-T4","Luxury","Luxury","Stylish menswear and accessories including tailoring and travel attire.","Airside, Near central shopping arcade, T4","{}","Shop;Explore","active","","LHR","","",""
"Michael Kors","LHR-T4","Luxury","Luxury","Handbags, watches, and fashion accessories in a contemporary American style.","Airside, Luxury retail wing, post-security","{}","Shop;Explore","active","","LHR","","",""
"WHSmith","LHR-T4","Mini-Mart","Mini-Mart","Books, drinks, snacks, magazines, and travel essentials.","Airside, Gate 4 and near main entrance","{}","Quick;Shop","active","","LHR","","",""
"Boots","LHR-T4","Mini-Mart","Mini-Mart","Health, beauty, sandwiches, and toiletries. Pre-order available online.","Airside, Departure area near security","{}","Quick;Shop","active","","LHR","","",""
"Sunglass Hut","LHR-T4","Retail","Retail","Sunglasses and eyewear from top designer brands like Ray-Ban, Oakley, and Prada.","Airside, Retail loop, T4 central","{}","Shop;Explore","active","","LHR","","",""
"InMotion","LHR-T4","Tech","Tech","Electronics and travel accessories including headphones, chargers, and gadgets.","Airside, Near WHSmith","{}","Shop;Quick","active","","LHR","","",""
"Glorious Britain","LHR-T4","Retail","Retail","London-themed souvenirs, gifts, and UK merchandise. Great for last-minute keepsakes.","Airside, Next to Boots","{}","Shop;Explore","active","","LHR","","",""
"Plaza Premium Lounge","LHR-T4","Lounge","Lounge","Pay-per-use lounge with food, drinks, shower, and rest areas. Open to all travelers regardless of airline.","Airside, Near Gate 6","{}","Comfort;Chill;Refuel","active","","LHR","","",""
"SkyTeam Lounge","LHR-T4","Lounge","Lounge","Exclusive access for SkyTeam Elite Plus and Business Class travelers. Features a wellness area and buffet.","Airside, Near Gate 10","{}","Comfort;Chill;Refuel","active","","LHR","","",""
"Gulf Air Falcon Gold Lounge","LHR-T4","Lounge","Lounge","Access for Gulf Air premium passengers. Offers quiet seating, refreshments, and flight views.","Airside, Upper level near Gate 6","{}","Comfort;Chill;Refuel","active","","LHR","","",""
"El Al King David Lounge","LHR-T4","Lounge","Lounge","Serves El Al Business and First Class passengers. Kosher catering and Israeli press available.","Airside, Close to Gate 4","{}","Comfort;Chill;Refuel","active","","LHR","","",""
"Pret a Manger","LHR-T4","Cafe","Cafe","Freshly made food, organic coffee, and vegan-friendly options. Great for fast casual dining.","Airside, Main retail concourse, near security","{}","Refuel;Quick","active","","LHR","","",""
"Caffè Nero","LHR-T4","Cafe","Cafe","Italian-style espresso, sandwiches, and pastries. Grab & go friendly with plenty of seating.","Airside, Departure lounge","{}","Refuel;Quick","active","","LHR","","",""
"The Commission by Drake & Morgan","LHR-T4","Bar","Bar","Stylish cocktail bar and eatery with all-day menu. Great for solo travelers or social drinks.","Airside, Central food court zone","{}","Chill;Refuel","active","","LHR","","",""
"Comptoir Libanais","LHR-T4","Restaurant","Restaurant","Colorful Lebanese dishes including wraps, tagines, mezze, and desserts. Vegetarian options available.","Airside, Food terrace, near retail arcade","{}","Refuel;Explore","active","","LHR","","",""
"Costa Coffee","LHR-T4-ARR","Cafe","Cafe","Espresso drinks, hot breakfast, pastries and snacks. Open early morning to late evening.","Arrivals (Landside), T4 Arrivals Hall, near exit","{}","Refuel;Quick","active","","LHR","","",""
"WHSmith","LHR-T4-ARR","Mini-Mart","Mini-Mart","Travel supplies, books, snacks, and convenience items. Publicly accessible post-arrival.","Arrivals (Landside), Main concourse near car hire desks","{}","Quick;Shop","active","","LHR","","",""
"Travelex Currency Exchange","LHR-T4-ARR","Finance","Finance","Currency exchange with travel money cards, ATMs, and walk-up counter. Available during flight hours.","Arrivals (Landside), Customs exit area","{}","Quick","active","","LHR","","",""
"SIM Card Vending Machine","LHR-T4-ARR","Telecom","Telecom","Self-serve kiosk with data SIMs and eSIM QR options. Accepts card and supports 24/7 use.","Arrivals (Landside), Near baggage carousel and exit","{}","Quick;Grind","active","","LHR","","",""
"Information Desk","LHR-T4-ARR","Service","Service","Staffed info point for general airport help, connections, and lost property. Multilingual staff.","Arrivals (Landside), Center of Arrivals Hall","{}","Quick","active","","LHR","","",""
"Car Rental Desks (Avis, Sixt, Budget, etc.)","LHR-T4-ARR","Transport","Transport","Major car rental firms with onsite booking and pickup. Reservations and walk-ins welcome.","Arrivals (Landside), Back of Arrivals near WHSmith","{}","Quick;Grind","active","","LHR","","",""
"Taxi & Rideshare Pickup Point","LHR-T4-ARR","Transport","Transport","Designated lanes for black cabs, Uber, and private hire. Follow signs outside baggage exit.","Arrivals (Curbside), Outside terminal front doors","{}","Quick","active","","LHR","","",""
"Pret a Manger","LHR-T5-ARR","Cafe","Cafe","Fresh sandwiches, salads, organic coffee, and bakery items. Ideal for quick stops or meet-ups.","Arrivals (Landside), T5 Arrivals Hall, near seating zone","{}","Refuel;Quick","active","","LHR","","",""
"Costa Coffee","LHR-T5-ARR","Cafe","Cafe","UK-based coffee chain with espresso drinks, snacks, and grab & go bites.","Arrivals (Landside), T5 Arrivals Hall, main corridor","{}","Refuel;Quick","active","","LHR","","",""
"WHSmith","LHR-T5-ARR","Mini-Mart","Mini-Mart","Newspapers, snacks, drinks, books, and travel accessories.","Arrivals (Landside), Opposite exit near taxi rank","{}","Quick;Shop","active","","LHR","","",""
"Travelex Currency Exchange","LHR-T5-ARR","Finance","Finance","Walk-up currency exchange and travel money services. Multiple counters and ATMs available.","Arrivals (Landside), Customs exit corridor","{}","Quick","active","","LHR","","",""
"SIM Card Kiosk","LHR-T5-ARR","Telecom","Telecom","Vending kiosk for UK SIMs and eSIM QR codes. 24/7 operation with self-service touchscreen.","Arrivals (Landside), Exit zone near baggage claim","{}","Quick;Grind","active","","LHR","","",""
"Information Desk","LHR-T5-ARR","Service","Service","Assistance with connections, lost items, and general help. Manned throughout flight hours.","Arrivals (Landside), Center of arrivals hall near signage pillar","{}","Quick","active","","LHR","","",""
"Car Rental Desks (Avis, Hertz, Enterprise, etc.)","LHR-T5-ARR","Transport","Transport","Major car rental firms offering walk-in and reserved bookings. Staffed desks available.","Arrivals (Landside), Rear corner of Arrivals near WHSmith","{}","Quick;Grind","active","","LHR","","",""
"Taxi & Rideshare Pickup Point","LHR-T5-ARR","Transport","Transport","Designated pickup for black cabs, Uber, and private transfers. Clearly marked signage.","Arrivals (Curbside), Outside Arrivals Hall near exit lanes","{}","Quick","active","","LHR","","",""